{
    "name": "root",
    "gauges": {
        "Witch.Policy.Entropy.mean": {
            "value": 1.4187496900558472,
            "min": 1.4187496900558472,
            "max": 1.4187496900558472,
            "count": 1
        },
        "Witch.Policy.ExtrinsicValueEstimate.mean": {
            "value": 0.16510146856307983,
            "min": 0.16510146856307983,
            "max": 0.16510146856307983,
            "count": 1
        },
        "Witch.Losses.ValueLoss.mean": {
            "value": 0.004464711062610149,
            "min": 0.004464711062610149,
            "max": 0.004464711062610149,
            "count": 1
        },
        "Witch.Losses.PolicyLoss.mean": {
            "value": 0.024538103491067886,
            "min": 0.024538103491067886,
            "max": 0.024538103491067886,
            "count": 1
        },
        "Witch.Policy.LearningRate.mean": {
            "value": 0.0002841600216925144,
            "min": 0.0002841600216925144,
            "max": 0.0002841600216925144,
            "count": 1
        },
        "Witch.Policy.Epsilon.mean": {
            "value": 0.19472001492977142,
            "min": 0.19472001492977142,
            "max": 0.19472001492977142,
            "count": 1
        },
        "Witch.Policy.Beta.mean": {
            "value": 0.0047365278005599976,
            "min": 0.0047365278005599976,
            "max": 0.0047365278005599976,
            "count": 1
        },
        "Witch.IsTraining.mean": {
            "value": 1.0,
            "min": 1.0,
            "max": 1.0,
            "count": 1
        }
    },
    "metadata": {
        "timer_format_version": "0.1.0",
        "start_time_seconds": "1602294307",
        "python_version": "3.8.3 (default, Jul  2 2020, 17:30:36) [MSC v.1916 64 bit (AMD64)]",
        "command_line_arguments": "C:\\Users\\Justi\\anaconda3\\Scripts\\mlagents-learn --run-id=Test2",
        "mlagents_version": "0.20.0",
        "mlagents_envs_version": "0.20.0",
        "communication_protocol_version": "1.1.0",
        "tensorflow_version": "2.3.0",
        "numpy_version": "1.18.5",
        "end_time_seconds": "1602294656"
    },
    "total": 348.7506127,
    "count": 1,
    "self": 0.004630299999973886,
    "children": {
        "run_training.setup": {
            "total": 0.04643100000000011,
            "count": 1,
            "self": 0.04643100000000011
        },
        "TrainerController.start_learning": {
            "total": 348.6995514,
            "count": 1,
            "self": 0.1629097000001707,
            "children": {
                "TrainerController._reset_env": {
                    "total": 41.0893052,
                    "count": 1,
                    "self": 41.0893052
                },
                "TrainerController.advance": {
                    "total": 304.6126803999998,
                    "count": 4484,
                    "self": 0.07665919999772086,
                    "children": {
                        "env_step": {
                            "total": 304.5360212000021,
                            "count": 4484,
                            "self": 299.64503040000415,
                            "children": {
                                "SubprocessEnvManager._take_step": {
                                    "total": 4.809362899998895,
                                    "count": 4484,
                                    "self": 0.2047260000007327,
                                    "children": {
                                        "TFPolicy.evaluate": {
                                            "total": 4.604636899998162,
                                            "count": 4484,
                                            "self": 4.604636899998162
                                        }
                                    }
                                },
                                "workers": {
                                    "total": 0.08162789999907716,
                                    "count": 4483,
                                    "self": 0.0,
                                    "children": {
                                        "worker_root": {
                                            "total": 306.2966145999976,
                                            "count": 4483,
                                            "is_parallel": true,
                                            "self": 18.1430941999987,
                                            "children": {
                                                "steps_from_proto": {
                                                    "total": 0.001872800000001007,
                                                    "count": 1,
                                                    "is_parallel": true,
                                                    "self": 0.00013970000000540495,
                                                    "children": {
                                                        "_process_vector_observation": {
                                                            "total": 0.001733099999995602,
                                                            "count": 8,
                                                            "is_parallel": true,
                                                            "self": 0.001733099999995602
                                                        }
                                                    }
                                                },
                                                "UnityEnvironment.step": {
                                                    "total": 288.1516475999989,
                                                    "count": 4483,
                                                    "is_parallel": true,
                                                    "self": 0.7023532999982081,
                                                    "children": {
                                                        "UnityEnvironment._generate_step_input": {
                                                            "total": 3.13257710000056,
                                                            "count": 4483,
                                                            "is_parallel": true,
                                                            "self": 3.13257710000056
                                                        },
                                                        "communicator.exchange": {
                                                            "total": 278.94535199999876,
                                                            "count": 4483,
                                                            "is_parallel": true,
                                                            "self": 278.94535199999876
                                                        },
                                                        "steps_from_proto": {
                                                            "total": 5.371365200001392,
                                                            "count": 4483,
                                                            "is_parallel": true,
                                                            "self": 0.7103114000003927,
                                                            "children": {
                                                                "_process_vector_observation": {
                                                                    "total": 4.661053800001,
                                                                    "count": 35864,
                                                                    "is_parallel": true,