{
    "name": "root",
    "gauges": {
        "Witch.Policy.Entropy.mean": {
            "value": 1.4189382791519165,
            "min": 1.4189382791519165,
            "max": 1.418938398361206,
            "count": 6
        },
        "Witch.Policy.ExtrinsicValueEstimate.mean": {
            "value": 0.01823471486568451,
            "min": 0.01746458373963833,
            "max": 0.04672650620341301,
            "count": 6
        },
        "Witch.Policy.CuriosityValueEstimate.mean": {
            "value": 0.10870203375816345,
            "min": 0.0967431589961052,
            "max": 0.12597166001796722,
            "count": 6
        },
        "Witch.IsTraining.mean": {
            "value": 1.0,
            "min": 1.0,
            "max": 1.0,
            "count": 6
        }
    },
    "metadata": {
        "timer_format_version": "0.1.0",
        "start_time_seconds": "1602388918",
        "python_version": "3.8.3 (default, Jul  2 2020, 17:30:36) [MSC v.1916 64 bit (AMD64)]",
        "command_line_arguments": "C:\\Users\\Justi\\anaconda3\\Scripts\\mlagents-learn ./trainer_config.yaml --run-id Test18",
        "mlagents_version": "0.20.0",
        "mlagents_envs_version": "0.20.0",
        "communication_protocol_version": "1.1.0",
        "tensorflow_version": "2.3.0",
        "numpy_version": "1.18.5",
        "end_time_seconds": "1602389266"
    },
    "total": 347.1481811,
    "count": 1,
    "self": 0.008732899999984056,
    "children": {
        "run_training.setup": {
            "total": 0.04029039999999995,
            "count": 1,
            "self": 0.04029039999999995
        },
        "TrainerController.start_learning": {
            "total": 347.0991578,
            "count": 1,
            "self": 0.15855839999943555,
            "children": {
                "TrainerController._reset_env": {
                    "total": 25.694944999999997,
                    "count": 1,
                    "self": 25.694944999999997
                },
                "TrainerController.advance": {
                    "total": 315.8849169000006,
                    "count": 4356,
                    "self": 0.07394980000208307,
                    "children": {
                        "env_step": {
                            "total": 315.8109670999985,
                            "count": 4356,
                            "self": 310.20056559999745,
                            "children": {
                                "SubprocessEnvManager._take_step": {
                                    "total": 5.531829900000858,
                                    "count": 4356,
                                    "self": 0.1954921000009051,
                                    "children": {
                                        "TFPolicy.evaluate": {
                                            "total": 5.336337799999953,
                                            "count": 4356,
                                            "self": 5.336337799999953
                                        }
                                    }
                                },
                                "workers": {
                                    "total": 0.07857160000019547,
                                    "count": 4355,
                                    "self": 0.0,
                                    "children": {
                                        "worker_root": {
                                            "total": 318.75592060000093,
                                            "count": 4355,
                                            "is_parallel": true,
                                            "self": 16.42634229999976,
                                            "children": {
                                                "steps_from_proto": {
                                                    "total": 0.0024951999999984764,
                                                    "count": 1,
                                                    "is_parallel": true,
                                                    "self": 0.0001544999999971708,
                                                    "children": {
                                                        "_process_vector_observation": {
                                                            "total": 0.0023407000000013056,
                                                            "count": 8,
                                                            "is_parallel": true,
                                                            "self": 0.0023407000000013056
                                                        }
                                                    }
                                                },
                                                "UnityEnvironment.step": {
                                                    "total": 302.3270831000012,
                                                    "count": 4355,
                                                    "is_parallel": true,
                                                    "self": 0.7187136000023315,
                                                    "children": {
                                                        "UnityEnvironment._generate_step_input": {
                                                            "total": 3.0152129999991644,
                                                            "count": 4355,
                                                            "is_parallel": true,
                                                            "self": 3.0152129999991644
                                                        },
                                                        "communicator.exchange": {
                                                            "total": 290.353280299999,
                                                            "count": 4355,
                                                            "is_parallel": true,
                                                            "self": 290.353280299999
                                                        },
                                                        "steps_from_proto": {
                                                            "total": 8.239876200000626,
                                                            "count": 4355,
                                                            "is_parallel": true,
                                                            "self": 0.7089080000033547,
                                                            "children": {
                                                                "_process_vector_observation": {
                                                                    "total": 7.530968199997272,
                                                                    "count": 34840,
                                                                    "is_parallel": true,
                                                                    "self": 7.530968199997272
                                                                }
                                                            }
                                                        }
                                                    }
                                                }
                                            }
                                        }
                                    }
                                }
                            }
                        }
                    }
                },
                "trainer_threads": {
                    "total": 3.1899999953566294e-05,
                    "count": 1,
                    "self": 3.1899999953566294e-05,
                    "children": {
                        "thread_root": {
                            "total": 0.0,