{
    "name": "root",
    "gauges": {
        "Witch.Policy.Entropy.mean": {
            "value": 1.418938398361206,
            "min": 1.418938398361206,
            "max": 1.418938398361206,
            "count": 1
        },
        "Witch.Policy.ExtrinsicValueEstimate.mean": {
            "value": -0.02692360430955887,
            "min": -0.02692360430955887,
            "max": -0.02692360430955887,
            "count": 1
        },
        "Witch.IsTraining.mean": {
            "value": 1.0,
            "min": 1.0,
            "max": 1.0,
            "count": 1
        }
    },
    "metadata": {
        "timer_format_version": "0.1.0",
        "start_time_seconds": "1602364550",
        "python_version": "3.8.3 (default, Jul  2 2020, 17:30:36) [MSC v.1916 64 bit (AMD64)]",
        "command_line_arguments": "C:\\Users\\Justi\\anaconda3\\Scripts\\mlagents-learn ./trainer_config.yaml --run-id Test11",
        "mlagents_version": "0.20.0",
        "mlagents_envs_version": "0.20.0",
        "communication_protocol_version": "1.1.0",
        "tensorflow_version": "2.3.0",
        "numpy_version": "1.18.5",
        "end_time_seconds": "1602364653"
    },
    "total": 103.25719930000001,
    "count": 1,
    "self": 0.009785300000004327,
    "children": {
        "run_training.setup": {
            "total": 0.009308300000000713,
            "count": 1,
            "self": 0.009308300000000713
        },
        "TrainerController.start_learning": {
            "total": 103.2381057,
            "count": 1,
            "self": 0.03974639999977114,
            "children": {
                "TrainerController._reset_env": {
                    "total": 27.6110004,
                    "count": 1,
                    "self": 27.6110004
                },
                "TrainerController.advance": {
                    "total": 71.83289670000025,
                    "count": 1027,
                    "self": 0.016273700000269287,
                    "children": {
                        "env_step": {
                            "total": 71.81662299999998,
                            "count": 1027,
                            "self": 70.33467669999979,
                            "children": {
                                "SubprocessEnvManager._take_step": {
                                    "total": 1.465049700000094,
                                    "count": 1027,
                                    "self": 0.04498809999989817,
                                    "children": {
                                        "TFPolicy.evaluate": {
                                            "total": 1.4200616000001958,
                                            "count": 1027,
                                            "self": 1.4200616000001958
                                        }
                                    }
                                },
                                "workers": {
                                    "total": 0.016896600000087858,
                                    "count": 1026,
                                    "self": 0.0,
                                    "children": {
                                        "worker_root": {
                                            "total": 74.0671310000001,
                                            "count": 1026,
                                            "is_parallel": true,
                                            "self": 5.4681529000003195,
                                            "children": {
                                                "steps_from_proto": {
                                                    "total": 0.001768099999999606,
                                                    "count": 1,
                                                    "is_parallel": true,
                                                    "self": 0.00018439999999841916,
                                                    "children": {
                                                        "_process_vector_observation": {
                                                            "total": 0.001583700000001187,
                                                            "count": 8,
                                                            "is_parallel": true,
                                                            "self": 0.001583700000001187
                                                        }
                                                    }
                                                },
                                                "UnityEnvironment.step": {
                                                    "total": 68.59720999999979,
                                                    "count": 1026,
                                                    "is_parallel": true,
                                                    "self": 0.16004979999955538,
                                                    "children": {
                                                        "UnityEnvironment._generate_step_input": {
                                                            "total": 0.6653410000001756,
                                                            "count": 1026,
                                                            "is_parallel": true,
                                                            "self": 0.6653410000001756
                                                        },
                                                        "communicator.exchange": {
                                                            "total": 65.98644369999994,
                                                            "count": 1026,
                                                            "is_parallel": true,
                                                            "self": 65.98644369999994
                                                        },
                                                        "steps_from_proto": {
                                                            "total": 1.785375500000118,
                                                            "count": 1026,
                                                            "is_parallel": true,
                                                            "self": 0.15594090000011818,
                                                            "children": {
                                                                "_process_vector_observation": {
                                                                    "total": 1.6294345999999997,
                                                                    "count": 8208,
                                                                    "is_parallel": true,
                                                                    "self": 1.6294345999999997
                                                                }
                                                            }
                                                        }
                                                    }
                                                }
                                            }
                                        }
                                    }
                                }
                            }
                        }
                    }
                },
                "trainer_threads": {
                    "total": 4.40999999966607e-05,
                    "count": 1,
                    "self": 4.40999999966607e-05,
                    "children": {
                        "thread_root": {
                            "total": 0.0,
                            "count": 0,
                            "is_parallel": true,
                            "self": 0.0,