{"count":1,"self":308.5861376,"total":1045.0521182,"children":{"InitializeSensors":{"count":15,"self":0.0029988999999999997,"total":0.0029988999999999997,"children":null},"AgentSendState":{"count":109648,"self":13.4185248,"total":63.2917839,"children":{"CollectObservations":{"count":328950,"self":4.3566728,"total":4.3566728999999995,"children":null},"CollectDiscreteActionMasks":{"count":328950,"self":1.85768,"total":1.8576800999999998,"children":null},"AgentInfo.ToProto":{"count":328950,"self":4.9811776,"total":43.658905999999995,"children":{"GenerateSensorData":{"count":328950,"self":14.8296256,"total":38.6777286,"children":{"RayPerceptionSensor.Perceive":{"count":986850,"self":23.8481024,"total":23.8481029,"children":null}}}}}}},"DecideAction":{"count":109648,"self":666.7606016,"total":666.760576,"children":null},"AgentAct":{"count":109648,"self":6.4086111999999993,"total":6.4086114,"children":null}},"gauges":{},"metadata":{"timer_format_version":"0.1.0","start_time_seconds":"1602298592","unity_version":"2019.4.11f1","command_line_arguments":"D:\\Programs\\Unity\\2019.4.11f1\\Editor\\Unity.exe -projectpath D:\/ML-Agents-Game -useHub -hubIPC -cloudEnvironment production -hubSessionId 5774c240-0977-11eb-b275-5110b9b7f577 -accessToken DsxINP1VfQpKZqYpbJ1rlUOTpMOnp4iR30S2MsqbsA4012f","communication_protocol_version":"1.0.0","com.unity.ml-agents_version":"1.1.0-preview","scene_name":"Training","end_time_seconds":"1602299637"}}