{"count":1,"self":615.97864959999993,"total":2557.8651572,"children":{"InitializeSensors":{"count":15,"self":0.0049975,"total":0.0049975,"children":null},"AgentSendState":{"count":167084,"self":24.1700736,"total":186.1787947,"children":{"CollectObservations":{"count":501255,"self":7.9509615999999994,"total":7.9509614,"children":null},"CollectDiscreteActionMasks":{"count":501255,"self":2.9316191999999996,"total":2.9316191999999996,"children":null},"AgentInfo.ToProto":{"count":501255,"self":8.6055152,"total":151.1261408,"children":{"GenerateSensorData":{"count":501255,"self":31.338303999999997,"total":142.520626,"children":{"RayPerceptionSensor.Perceive":{"count":1503765,"self":111.1823232,"total":111.1823221,"children":null}}}}}}},"DecideAction":{"count":167084,"self":1742.687232,"total":1742.6872632999998,"children":null},"AgentAct":{"count":167084,"self":12.8554984,"total":13.0134752,"children":{"AgentInfo.ToProto":{"count":495,"self":0.0100228,"total":0.1579766,"children":{"GenerateSensorData":{"count":495,"self":0.035077199999999996,"total":0.1479538,"children":{"RayPerceptionSensor.Perceive":{"count":1485,"self":0.1128766,"total":0.1128766,"children":null}}}}}}}},"gauges":{"Witch.CumulativeReward":{"count":495,"max":83.51347,"min":-19.6239166,"runningAverage":38.00932,"value":61.8263741,"weightedAverage":59.0821228}},"metadata":{"timer_format_version":"0.1.0","start_time_seconds":"1602435163","unity_version":"2019.4.11f1","command_line_arguments":"D:\\Programs\\Unity\\2019.4.11f1\\Editor\\Unity.exe -projectpath D:\/ML-Agents-Game -useHub -hubIPC -cloudEnvironment production -hubSessionId 5774c240-0977-11eb-b275-5110b9b7f577 -accessToken -d0hfrI2vx0nLYNp9rqRAdbFdJ6q_B4u8XFzzT4kobs012f","communication_protocol_version":"1.0.0","com.unity.ml-agents_version":"1.1.0-preview","scene_name":"Training","end_time_seconds":"1602437721"}}