{"count":1,"self":5434.9234176,"total":7649.1339609999995,"children":{"AgentSendState":{"count":2549634,"self":91.388992,"total":443.1501327,"children":{"CollectObservations":{"count":4079416,"self":27.009359999999997,"total":27.0093614,"children":null},"CollectDiscreteActionMasks":{"count":4079416,"self":10.631003999999999,"total":10.631004299999999,"children":null},"AgentInfo.ToProto":{"count":4079416,"self":30.4594176,"total":314.1207745,"children":{"GenerateSensorData":{"count":4079416,"self":90.3799488,"total":283.66135729999996,"children":{"RayPerceptionSensor.Perceive":{"count":12238248,"self":193.281408,"total":193.28141069999998,"children":null}}}}}}},"DecideAction":{"count":2549634,"self":1722.0386816,"total":1722.0386153,"children":null},"AgentAct":{"count":2549634,"self":48.6752928,"total":49.020803099999995,"children":{"AgentInfo.ToProto":{"count":4072,"self":0.0439731,"total":0.3455106,"children":{"GenerateSensorData":{"count":4072,"self":0.1107624,"total":0.3015375,"children":{"RayPerceptionSensor.Perceive":{"count":12216,"self":0.1907751,"total":0.1907751,"children":null}}}}}}}},"gauges":{"Hummingbird.CumulativeReward":{"count":4072,"max":60.0062447,"min":-32.5,"runningAverage":25.2823944,"value":42.86422,"weightedAverage":40.6206322}},"metadata":{"timer_format_version":"0.1.0","start_time_seconds":"1589559214","unity_version":"2019.3.9f1","command_line_arguments":"C:\\Program Files\\2019.3.9f1\\Editor\\Unity.exe -projectpath C:\\Users\\ak12\\Documents\\Code\\GitRepos\\HBMLA_Final\\Hummingbirds -useHub -hubIPC -cloudEnvironment production -hubSessionId e141b100-8bbd-11ea-b047-3d8147f10978 -accessToken nX6kEIvtQzOfelcAtV9tk20WchgmBAjAbV2ugC_HF0A012f","communication_protocol_version":"1.0.0","com.unity.ml-agents_version":"1.0.0-preview","scene_name":"Training","end_time_seconds":"1589566863"}}