{
    "name": "root",
    "metadata": {
        "timer_format_version": "0.1.0",
        "start_time_seconds": "1602434160",
        "python_version": "3.8.3 (default, Jul  2 2020, 17:30:36) [MSC v.1916 64 bit (AMD64)]",
        "command_line_arguments": "C:\\Users\\Justi\\anaconda3\\Scripts\\mlagents-learn --run-id Test23 --time-scale=100",
        "mlagents_version": "0.20.0",
        "mlagents_envs_version": "0.20.0",
        "communication_protocol_version": "1.1.0",
        "tensorflow_version": "2.3.0",
        "numpy_version": "1.18.5",
        "end_time_seconds": "1602434318"
    },
    "total": 157.9708252,
    "count": 1,
    "self": 0.006874300000021094,
    "children": {
        "run_training.setup": {
            "total": 0.020199700000000043,
            "count": 1,
            "self": 0.020199700000000043
        },
        "TrainerController.start_learning": {
            "total": 157.94375119999998,
            "count": 1,
            "self": 0.10689129999974512,
            "children": {
                "TrainerController._reset_env": {
                    "total": 23.7761237,
                    "count": 1,
                    "self": 23.7761237
                },
                "TrainerController.advance": {
                    "total": 130.94418500000023,
                    "count": 2434,
                    "self": 0.04030330000023241,
                    "children": {
                        "env_step": {
                            "total": 130.9038817,
                            "count": 2434,
                            "self": 127.9708305999994,
                            "children": {
                                "SubprocessEnvManager._take_step": {
                                    "total": 2.890363700000517,
                                    "count": 2434,
                                    "self": 0.10526310000069472,
                                    "children": {
                                        "TFPolicy.evaluate": {
                                            "total": 2.785100599999822,
                                            "count": 2434,
                                            "self": 2.785100599999822
                                        }
                                    }
                                },
                                "workers": {
                                    "total": 0.04268740000008364,
                                    "count": 2433,
                                    "self": 0.0,
                                    "children": {
                                        "worker_root": {
                                            "total": 132.74658269999983,
                                            "count": 2433,
                                            "is_parallel": true,
                                            "self": 10.62975749999994,
                                            "children": {
                                                "steps_from_proto": {
                                                    "total": 0.002245999999999526,
                                                    "count": 1,
                                                    "is_parallel": true,
                                                    "self": 0.0002961999999904208,
                                                    "children": {
                                                        "_process_vector_observation": {
                                                            "total": 0.0019498000000091054,
                                                            "count": 8,
                                                            "is_parallel": true,
                                                            "self": 0.0019498000000091054
                                                        }
                                                    }
                                                },
                                                "UnityEnvironment.step": {
                                                    "total": 122.1145791999999,
                                                    "count": 2433,
                                                    "is_parallel": true,
                                                    "self": 0.39703119999889225,
                                                    "children": {
                                                        "UnityEnvironment._generate_step_input": {
                                                            "total": 1.6424739000003434,
                                                            "count": 2433,
                                                            "is_parallel": true,
                                                            "self": 1.6424739000003434
                                                        },
                                                        "communicator.exchange": {
                                                            "total": 115.51469970000046,
                                                            "count": 2433,
                                                            "is_parallel": true,
                                                            "self": 115.51469970000046
                                                        },
                                                        "steps_from_proto": {
                                                            "total": 4.5603744000002,
                                                            "count": 2433,
                                                            "is_parallel": true,
                                                            "self": 0.3803326000005036,
                                                            "children": {
                                                                "_process_vector_observation": {
                                                                    "total": 4.180041799999696,
                                                                    "count": 19464,
                                                                    "is_parallel": true,
                                                                    "self": 4.180041799999696
                                                                }
                                                            }
                                                        }
                                                    }
                                                }
                                            }
                                        }
                                    }
                                }
                            }
                        }
                    }
                },
                "trainer_threads": {
                    "total": 0.0001368000000070424,
                    "count": 1,
                    "self": 0.0001368000000070424,
                    "children": {
                        "thread_root": {
                            "total": 0.0,
                            "count": 0,
                            "is_parallel": true,
                            "self": 0.0,
                            "children": {
                                "trainer_advance": {
                                    "total": 130.7970800000009,
                                    "count": 7734,
                                    "is_parallel": true,
                                    "self": 0.5027824000018768,
                                    "children": {
                                        "process_trajectory": {
                                            "total": 124.57566019999904,
                                            "count": 7734,
                                            "is_parallel": true,