{
    "name": "root",
    "metadata": {
        "timer_format_version": "0.1.0",
        "start_time_seconds": "1602296890",
        "python_version": "3.8.3 (default, Jul  2 2020, 17:30:36) [MSC v.1916 64 bit (AMD64)]",
        "command_line_arguments": "C:\\Users\\Justi\\anaconda3\\Scripts\\mlagents-learn --run-id=Test3",
        "mlagents_version": "0.20.0",
        "mlagents_envs_version": "0.20.0",
        "communication_protocol_version": "1.1.0",
        "tensorflow_version": "2.3.0",
        "numpy_version": "1.18.5",
        "end_time_seconds": "1602296951"
    },
    "total": 60.8711881,
    "count": 1,
    "self": 0.004936399999998287,
    "children": {
        "run_training.setup": {
            "total": 0.010817400000000532,
            "count": 1,
            "self": 0.010817400000000532
        },
        "TrainerController.start_learning": {
            "total": 60.8554343,
            "count": 1,
            "self": 0.026287600000152622,
            "children": {
                "TrainerController._reset_env": {
                    "total": 26.4252681,
                    "count": 1,
                    "self": 26.4252681
                },
                "TrainerController.advance": {
                    "total": 31.617372899999854,
                    "count": 524,
                    "self": 0.008206399999856728,
                    "children": {
                        "env_step": {
                            "total": 31.609166499999997,
                            "count": 524,
                            "self": 31.106758900000088,
                            "children": {
                                "SubprocessEnvManager._take_step": {
                                    "total": 0.4940830999999939,
                                    "count": 524,
                                    "self": 0.02131179999996391,
                                    "children": {
                                        "TFPolicy.evaluate": {
                                            "total": 0.47277130000003,
                                            "count": 524,
                                            "self": 0.47277130000003
                                        }
                                    }
                                },
                                "workers": {
                                    "total": 0.008324499999915247,
                                    "count": 523,
                                    "self": 0.0,
                                    "children": {
                                        "worker_root": {
                                            "total": 33.30775950000009,
                                            "count": 523,
                                            "is_parallel": true,
                                            "self": 3.0492282000000372,
                                            "children": {
                                                "steps_from_proto": {
                                                    "total": 0.001248300000000313,
                                                    "count": 1,
                                                    "is_parallel": true,
                                                    "self": 0.0001582000000013295,
                                                    "children": {
                                                        "_process_vector_observation": {
                                                            "total": 0.0010900999999989835,
                                                            "count": 8,
                                                            "is_parallel": true,
                                                            "self": 0.0010900999999989835
                                                        }
                                                    }
                                                },
                                                "UnityEnvironment.step": {
                                                    "total": 30.25728300000005,
                                                    "count": 523,
                                                    "is_parallel": true,
                                                    "self": 0.07180660000012296,
                                                    "children": {
                                                        "UnityEnvironment._generate_step_input": {
                                                            "total": 0.3549933000000216,
                                                            "count": 523,
                                                            "is_parallel": true,
                                                            "self": 0.3549933000000216
                                                        },
                                                        "communicator.exchange": {
                                                            "total": 29.273749299999913,
                                                            "count": 523,
                                                            "is_parallel": true,
                                                            "self": 29.273749299999913
                                                        },
                                                        "steps_from_proto": {
                                                            "total": 0.5567337999999928,
                                                            "count": 523,
                                                            "is_parallel": true,
                                                            "self": 0.07368840000018295,
                                                            "children": {
                                                                "_process_vector_observation": {
                                                                    "total": 0.4830453999998099,
                                                                    "count": 4184,
                                                                    "is_parallel": true,
                                                                    "self": 0.4830453999998099
                                                                }
                                                            }
                                                        }
                                                    }
                                                }
                                            }
                                        }
                                    }
                                }
                            }
                        }
                    }
                },
                "trainer_threads": {
                    "total": 3.960000000091668e-05,
                    "count": 1,
                    "self": 3.960000000091668e-05,
                    "children": {
                        "thread_root": {
                            "total": 0.0,
                            "count": 0,
                            "is_parallel": true,
                            "self": 0.0,
                            "children": {
                                "trainer_advance": {
                                    "total": 31.563644899999947,
                                    "count": 1948,
                                    "is_parallel": true,
                                    "self": 0.1499410999999995,
                                    "children": {
                                        "process_trajectory": {
                                            "total": 31.413703799999947,
                                            "count": 1948,
                                            "is_parallel": true,